<?xml version="1.0" encoding="UTF-8"?>
<sequence xmlns="http://www.jsxm.org/schema" xmlns:xsi="http://www.w3.org/2001/XMLSchema-instance" xsi:schemaLocation="http://www.jsxm.org/schema http://www.jsxm.org/schema/input.xsd">
  <call>
    <input name="isAvailable" />
  </call>
  <call>
    <input name="isAvailable" />
  </call>
  <call>
    <input name="isAvailable" />
  </call>
  <call>
    <input name="isAvailable" />
  </call>
  <call>
    <input name="release" />
  </call>
  <call>
    <input name="setBorrowed" />
  </call>
  <call>
    <input name="isAvailable" />
  </call>
  <call>
    <input name="setBorrowed" />
  </call>
  <call>
    <input name="release" />
  </call>
  <call>
    <input name="release" />
  </call>
  <call>
    <input name="release" />
  </call>
  <call>
    <input name="release" />
  </call>
  <call>
    <input name="isAvailable" />
  </call>
</sequence>

