<?xml version="1.0" encoding="UTF-8"?>
<SXM name="AccountDebit" 
	xmlns="http://www.jsxm.org/schema"
	xmlns:xsi="http://www.w3.org/2001/XMLSchema-instance"
	xsi:schemaLocation="http://www.jsxm.org/schema http://www.jsxm.org/schema/specification.xsd"
	xmlns:xi="http://www.w3.org/2001/XInclude">

  <!--States definition-->
  <states>
    <state name="empty" />
    <state name="credit" />
    <state name="debit" />
  </states>
  
  <!--Initial State definition-->
  <initialState state="empty" />
  
  <!--Transitions definition-->
	<transitions>

		<transition from="empty" function="DepositCredit" to="credit" />
		<transition from="empty" function="WithdrawDebit" to="debit" />

		<transition from="credit" function="DepositCredit" to="credit" />
		<transition from="credit" function="WithdrawCredit" to="credit" />
		<transition from="credit" function="WithdrawEmpty" to="empty" />
		<transition from="credit" function="WithdrawDebit" to="debit" />

		<transition from="debit" function="DepositDebit" to="debit" />
		<transition from="debit" function="DepositEmpty" to="empty" />
		<transition from="debit" function="DepositCredit" to="credit" />

		<transition from="debit" function="WithdrawError" to="debit" />
	</transitions>

  <!--Memory definition-->
  <memory>
    <declaration>
    	int balance
    </declaration>
    <initial>
    	balance = 0;
    </initial>
    <display >
    	balance
    </display>
  </memory>
  <!--Inputs definition-->
  <inputs>
		<input name="deposit">
			<arg name="amount" type="xs:int"/>
		</input>
		<input name="withdraw">
			<arg name="amount" type="xs:int"/>
		</input>
  </inputs>
  <!--Outputs definition-->
  <outputs>
   		<output name="depositOut" /> 
   		<output name="withdrawOut" /> 
  </outputs>
  <!--Faults definition-->
  <faults>
		<fault name="withdrawError"/>
		<fault name="depositError"/>
  </faults>
  <!--Functions definition-->
  <functions>
		<function name="DepositCredit" input="deposit" output="depositOut" xsi:type="OutputFunction">
			<precondition> 
				deposit.get_amount() &gt; 0 &amp;&amp; 
				deposit.get_amount() + balance &gt; 0
			</precondition>
			<effect> 
				balance = balance + deposit.get_amount(); 
			</effect>
		</function>
		<function name="DepositDebit" input="deposit" output="depositOut" xsi:type="OutputFunction">
			<precondition> 
				deposit.get_amount() &gt; 0 &amp;&amp; 
				deposit.get_amount() + balance &lt; 0
			</precondition>
			<effect> 
				balance = balance + deposit.get_amount(); 
			</effect>
		</function>
		<function name="DepositEmpty" input="deposit" output="depositOut" xsi:type="OutputFunction">
			<precondition> 
				deposit.get_amount() &gt; 0 &amp;&amp; 
				deposit.get_amount() + balance == 0
			</precondition>
			<effect> 
				balance = balance + deposit.get_amount(); 
			</effect>
		</function>  

		<function name="WithdrawCredit" input="withdraw" output="withdrawOut" xsi:type="OutputFunction">
			<precondition> 
				withdraw.get_amount() &gt; 0 &amp;&amp; 
				balance - withdraw.get_amount() &gt; 0
			</precondition>
			<effect> 
				balance = balance - withdraw.get_amount(); 
			</effect>
		</function>
		<function name="WithdrawDebit" input="withdraw" output="withdrawOut" xsi:type="OutputFunction">
			<precondition> 
				withdraw.get_amount() &gt; 0 &amp;&amp; 
				balance - withdraw.get_amount() &lt; 0
			</precondition>
			<effect> 
				balance = balance - withdraw.get_amount(); 
			</effect>
		</function>
		<function name="WithdrawEmpty" input="withdraw" output="withdrawOut" xsi:type="OutputFunction">
			<precondition> 
				withdraw.get_amount() &gt; 0 &amp;&amp; 
				balance - withdraw.get_amount() == 0
			</precondition>
			<effect> 
				balance = balance - withdraw.get_amount(); 
			</effect>
		</function>

		
		<function name="WithdrawError" input="withdraw" fault="withdrawError" xsi:type="FaultFunction"/>

	</functions>
	
	<!--Test Input generation definition-->
	<testinputgeneration>
		<inputgenerator function="DepositCredit"> 
			if (balance &lt; 0) 
				deposit.set_amount(-1*balance + 10);
			else 
				deposit.set_amount(10);
		</inputgenerator>
		<inputgenerator function="DepositEmpty"> 
			if (balance  &lt;  0) 
				deposit.set_amount(-1*balance);
			else
				deposit.set_amount(99);
		</inputgenerator>
		<inputgenerator function="DepositDebit"> 
			if (balance  &lt;  -1) 
				deposit.set_amount(1);
			else
				deposit.set_amount(99);
		</inputgenerator>

		<inputgenerator function="WithdrawCredit"> 
			if (balance > 1) 
				withdraw.set_amount(1);
			else 
				withdraw.set_amount(99);
		</inputgenerator>
		<inputgenerator function="WithdrawDebit"> 
			if (balance >= 0) 
				withdraw.set_amount(balance + 10);
			else 
				withdraw.set_amount(99);
		</inputgenerator>
		<inputgenerator function="WithdrawEmpty"> 
			if (balance > 0) 
				withdraw.set_amount(balance );
			else 
				withdraw.set_amount(99);
		</inputgenerator>

		<!-- COMPLETE -->
		<inputgenerator function="WithdrawError"> 
				withdraw.set_amount(10);
		</inputgenerator>

	</testinputgeneration>
	
</SXM>

