<?xml version="1.0" encoding="UTF-8"?>
<sets xmlns="http://www.jsxm.org/schema" xmlns:xsi="http://www.w3.org/2001/XMLSchema-instance" xsi:schemaLocation="http://www.jsxm.org/schema http://www.jsxm.org/schema/sets.xsd">
  <!--Characterization definition-->
  <characterization>
    <!-- 
    	the following 2 sequences manage to distinguish
    	the debit state from both the empty and credit state.
    	Debit is the only state in which a withdraw
    	leads to withdrawError.
    	Notice that since the proc fun WithdrawError is defined for all memory values
    	the two sequences have overlapping domains (requirement for distinguishability).
     -->    
    <sequence>
    	<function name="WithdrawDebit" />
    </sequence>
    <sequence>
    	<function name="WithdrawError" />
    </sequence>
  </characterization>
  
   <separablestates>
		<stateset>
			<state name="debit"/>
			<state name="empty"/>
		</stateset>
		<stateset>
			<state name="debit"/>
			<state name="credit"/>
		</stateset>		
	</separablestates>
	
  <!--StateCover definition-->
  <statecover>
    <sequence />
    <sequence>
      <function name="DepositCredit" />
    </sequence>
    <sequence>
      <function name="WithdrawDebit" />
    </sequence>    
  </statecover>
</sets>

