<?xml version="1.0" encoding="UTF-8"?>
<SXM name="Crumb" xmlns="http://www.jsxm.org/schema" xmlns:xsi="http://www.w3.org/2001/XMLSchema-instance"
	xsi:schemaLocation="http://www.jsxm.org/schema http://www.jsxm.org/schema/specification.xsd">

	<!--States definition-->
	<states>
		<state name="initial" />
	</states>

	<!--Initial State definition-->
	<initialState state="initial" />
	
	<!--Transitions definition-->
	<transitions>
		<transition from="initial" function="Step" to="initial" />
	</transitions>
	
	<!--Memory definition-->
	<memory>
		<declaration>
		</declaration>
		<initial>
		</initial>
		<display>
		</display>
	</memory>

	<!--Inputs definition-->
	<inputs>
		<input name="step" />
	</inputs>
	
	<!--Outputs definition-->
	<outputs>
		<output name="stepOut" />
	</outputs>

	<!--Functions definition-->
	<functions>
		<function name="Step" input="step" output="stepOut" xsi:type="OutputFunction"/>
	</functions>

</SXM>
