<?xml version="1.0" encoding="UTF-8"?>
<sequence xmlns="http://www.jsxm.org/schema" xmlns:xsi="http://www.w3.org/2001/XMLSchema-instance" xsi:schemaLocation="http://www.jsxm.org/schema http://www.jsxm.org/schema/output.xsd">
  <call>
    <input name="canBorrow" />
    <output name="canBorrowOut">
      <result type="xs:boolean">true</result>
    </output>
  </call>
  <call>
    <input name="borrowBook">
      <book type="sxm">newsxm:availableBook</book>
    </input>
    <output name="borrowBookOut" />
  </call>
</sequence>

