<?xml version="1.0" encoding="UTF-8"?>
<SXM xmlns="http://www.jsxm.org/schema" xmlns:xsi="http://www.w3.org/2001/XMLSchema-instance" name="VendingMachine" xsi:schemaLocation="http://www.jsxm.org/schema http://www.jsxm.org/schema/specification.xsd">
  <!--States definition-->
  <states>
    <state name="charging" />
    <state name="full" />
  </states>
  <!--Initial State definition-->
  <initialState state="charging" />
  <!--Transitions definition-->
  <transitions>
    <transition from="charging" function="acceptMoney" to="charging" />
    <transition from="charging" function="acceptFullAmount" to="full" />
    <transition from="full" function="getDrink" to="charging" />
    
    <transition from="charging" function="drink_error" to="charging" />
    <transition from="full" function="coin_error" to="full" />

  </transitions>
  <!--Memory definition-->
  <memory>
    <declaration>
    	int balance;
    </declaration>
    <initial>
    	balance = 0;
    </initial>
    <display>balance</display>
  </memory>
  <!--Inputs definition-->
  <inputs>
    <input name="coin">
    	<arg name="value" type="xs:int"/>
    </input>
    <input name="drink" />
  </inputs>
  <!--Outputs definition-->
  <outputs>
    <output name="orangejuice" />
    <output name="balanceOut">
    	<result name="value" type="xs:int"/>
    </output>
  </outputs>
  <!--Faults definition-->
  <faults>
    <fault name="coin_Error" />
    <fault name="drink_Error" />
  </faults>
  <!--JSXMUtilities definition-->
  <functions>
    <function name="acceptMoney" input="coin" output="balanceOut" xsi:type="OutputFunction">
    	<precondition>balance + coin.get_value() &lt; 100 </precondition>
    	<effect>
    		balance = balance + coin.get_value();
    		balanceOut.value = balance;
    	</effect>
    </function>
    <function name="acceptFullAmount" input="coin" output="balanceOut" xsi:type="OutputFunction">
    	<precondition>! (balance + coin.get_value() &lt; 100 )</precondition>
    	<effect>
    		balance = balance + coin.get_value();
    		balanceOut.value = balance;
    	</effect>
    </function>    
    <function name="getDrink" input="drink" output="orangejuice" xsi:type="OutputFunction" >
    	<precondition>balance &gt;= 100 </precondition>
    	<effect>
    		balance = 0;
    	</effect>
    </function>	
    <function name="drink_error" input="drink" fault="drink_Error" xsi:type="FaultFunction" />
    <function name="coin_error" input="coin" fault="coin_Error" xsi:type="FaultFunction" />
  </functions>
  
  	<testinputgeneration>
		<inputgenerator function="acceptMoney"> coin.set_value(1); </inputgenerator>
		<inputgenerator function="acceptFullAmount"> 
				coin.set_value(100-balance) ; 
		</inputgenerator>
	</testinputgeneration>
  
</SXM>

