<?xml version="1.0" encoding="UTF-8"?>
<SXM name="Shipment" 
	xmlns="http://www.jsxm.org/schema"
	xmlns:xsi="http://www.w3.org/2001/XMLSchema-instance"
	xsi:schemaLocation="http://www.jsxm.org/schema http://www.jsxm.org/schema/specification.xsd">
	
	<!--States definition-->
	<states>
		<state name="initial"/>
		<state name="created"/>
		<state name="quoteOffered"/>
		<state name="confirmed"/>
		<!--
		<state name="cannotGetCancelled" />
		-->
		<state name="cancelled"/>
	</states>

	<!--Initial State definition-->
	<initialState state="initial"/>

	<transitions>
		<transition from="initial" function="createPF" to="created"/>
		<transition from="created" function="getShipmentRatePF" to="quoteOffered"/>
		<transition from="quoteOffered" function="getShipmentRatePF" to="quoteOffered"/>
		<transition from="created" function="cancelPF" to="cancelled"/>
		<transition from="quoteOffered" function="cancelPF" to="cancelled"/>
		<transition from="quoteOffered" function="confirmPF" to="confirmed"/>
		<transition from="confirmed" function="getConfirmedRatePF" to="confirmed"/>
		<!--
		<transition from="confirmed" function="cancelPF" to="cancelled" />
		<transition from="cannotGetCancelled" function="getConfirmedRatePF" to="cannotGetCancelled" />
		<transition from="confirmed" function="denyCancellationsPF" to="cannotGetCancelled" />
		-->
	</transitions>

	<!--Memory definition-->
	<memory>
		<declaration> int cost; </declaration>
		<initial> cost = 0; </initial>
		<display>cost</display>
		<javaImports> </javaImports>
	</memory>

	<!--Inputs definition-->
	<inputs>
		<input name="create">
			<arg name="shipmentData" type="ShipmentData"/>
		</input>
		<input name="getShipmentRate">
			<arg name="shipmentType" type="ShipmentType"/>
		</input>
		<input name="getConfirmedRate"/>
		<input name="cancel"/>
		<input name="confirm"/>
		<!--
		<input name="denyCancellations" />
		-->
	</inputs>
	
	<!--Ouptuts definition-->
	<outputs>
		<output name="createOut"/>
		<output name="getShipmentRateOut">
			<result name="shipmentRate" type="xs:int"/>
		</output>
		<output name="getConfirmedRateOut">
			<result name="shipmentRate" type="xs:int"/>
		</output>
		<output name="cancelOut"/>
		<output name="confirmOut"/>
		<!--<output name="denyCancellationsOut" /> -->
	</outputs>

	<!--Functions definition-->
	<functions>

		<function name="createPF" input="create" output="createOut" xsi:type="OutputFunction"/>
		<function name="cancelPF" input="cancel" output="cancelOut" xsi:type="OutputFunction"/>
		<function name="confirmPF" input="confirm" output="confirmOut" xsi:type="OutputFunction"/>
		<!-- 
				 <function name="denyCancellationsOutPF" input="denyCancellationsOut" output="denyCancellationsOut" />
		-->
		<!-- 
			The following processing functions contains a call to a STUB function.
			This STUB will be used during test generation for determining the test set:
			set of sequences of processing functions.
			During test execution the STUB function will be replaced with the function
			under test.  
		 -->
		<function name="getShipmentRatePF" input="getShipmentRate" output="getShipmentRateOut" xsi:type="OutputFunction">
			<effect> 
				// cost = getShipmentRate_STUB(); 
				if ( getShipmentRate.get_shipmentType().value().equals("Normal") ) 
					cost = 10; else cost = 15; 
					getShipmentRateOut.shipmentRate = cost; 
			</effect>
		</function>

		<function name="getConfirmedRatePF" input="getConfirmedRate" output="getConfirmedRateOut" xsi:type="OutputFunction">
			<effect> getConfirmedRateOut.shipmentRate = cost; </effect>
		</function>

	</functions>

	<!--Test Input generation definition-->
	<testinputgeneration>
		<inputgenerator function="createPF"> 
			ShipmentData sd = new ShipmentData();
			sd.setOrigin("origin"); 
			sd.setDestination("destination"); 
			sd.setWeight(100);
			create.set_shipmentData(sd);
		</inputgenerator>
		<inputgenerator function="getShipmentRatePF"> 
			ShipmentType st; 
			if (Flag.isSet()) 
				st = ShipmentType.fromValue("Normal"); 
			else 
				st = ShipmentType.fromValue("Express");
				Flag.toggle(); 
				getShipmentRate.set_shipmentType(st);
		</inputgenerator>
	</testinputgeneration>
</SXM>
