<?xml version="1.0" encoding="UTF-8"?>
<sets 
	xmlns="http://www.jsxm.org/schema" 
	xmlns:xsi="http://www.w3.org/2001/XMLSchema-instance"
	xsi:schemaLocation="http://www.jsxm.org/schema http://www.jsxm.org/schema/sets.xsd">
	
	<!--Characterization definition-->
	<characterization>
		<sequence>
			<function name="createPF" />
		</sequence>
		<sequence>
			<function name="cancelPF" />
		</sequence>
		<sequence>
			<function name="confirmPF" />
		</sequence>
		<sequence>
			<function name="getConfirmedRatePF" />
		</sequence>
	</characterization>

	<!--StateCover definition-->
	<statecover>
		<sequence />
		<sequence>
			<function name="createPF" />
		</sequence>
		<sequence>
			<function name="createPF" />
			<function name="getShipmentRatePF" />
		</sequence>
		<sequence>
			<function name="createPF" />
			<function name="getShipmentRatePF" />
			<function name="confirmPF" />
		</sequence>
		<sequence>
			<function name="createPF" />
			<function name="cancelPF" />
		</sequence>

	</statecover>
</sets>
