<?xml version="1.0" encoding="UTF-8"?>
<sequence xmlns="http://www.jsxm.org/schema" xmlns:xsi="http://www.w3.org/2001/XMLSchema-instance" xsi:schemaLocation="http://www.jsxm.org/schema http://www.jsxm.org/schema/output.xsd">
  <call>
    <input name="borrowBook">
      <borrowerId type="xs:int">53</borrowerId>
      <bookId type="xs:int">1</bookId>
    </input>
    <output name="borrowBook_Error" />
  </call>
  <call>
    <input name="returnBook">
      <borrowerId type="xs:int">53</borrowerId>
    </input>
    <output name="returnBook_Error" />
  </call>
  <call>
    <input name="returnBook">
      <borrowerId type="xs:int">11</borrowerId>
    </input>
    <output name="returnBook_Error" />
  </call>
</sequence>

