<?xml version="1.0" encoding="UTF-8"?>
<SXM name="Explorer" xmlns="http://www.jsxm.org/schema"
	xmlns:xsi="http://www.w3.org/2001/XMLSchema-instance"
	xsi:schemaLocation="http://www.jsxm.org/schema http://www.jsxm.org/schema/specification.xsd">

	<!--Dependencies definition-->
	<dependencies>
		<uses sxm="Obstacle"/>
		<uses sxm="Sample"/>
		<uses sxm="Crumb"/>
	</dependencies>
	
	<!--States definition-->
	<states>
		<state name="initial" />
		<state name="carrying" />
	</states>
	
	<!--Initial State definition-->
	<initialState state="initial" />
	
	<!--Transitions definition-->
	<transitions>
		<transition from="initial" function="MoveRandomly" to="initial" />
		<transition from="initial" function="FollowCrumb" to="initial" />
		<transition from="initial" function="AvoidObstacle" to="initial" />

		<transition from="initial" function="Carry" to="carrying" />

		<transition from="carrying" function="MoveToBase" to="carrying" />
		<transition from="carrying" function="AvoidObstacle" to="carrying" />
		<transition from="carrying" function="DropAtBase" to="initial" />
	</transitions>
	
	<!--Memory definition-->
	<memory>
		<declaration>
		</declaration>
		<initial>
			// Start from base
			moveTo(baseX, baseY);
			// with a random direction			
			setDirection(RandomHelper.nextDoubleFromTo(0, 360));

			// not carrying anything
			sample = null;
		</initial>
		<display>
		</display>
		
		<javaImports>
			import repast.simphony.random.RandomHelper;
			import repast.simphony.space.SpatialMath;
			import repast.simphony.parameter.Parameter;		
		</javaImports>
	</memory>
	
	<methods>
		 SampleSXM sample;
		    
		    double baseX;
		    double baseY;
		
			public void setBaseAt(double x, double y) {
				baseX = x; baseY = y;
			}

	        @Parameter(displayName = "Direction", usageName = "direction")
	        public double getDirection() {
	                return direction;
	        }

	        public void setDirection(double direction) {
	        		direction %= 360;
	        		if (direction &lt; 0)
	        			direction += 360;
	                this.direction = direction;
	        }
	        		
			double direction;
		
			public boolean obstacleAtFront() {
//				double distance = 1.0;
//		
//				double moveX = getX() + Math.cos(Math.toRadians(direction)) * distance;
//				double moveY = getY() + Math.sin(Math.toRadians(direction)) * distance;
//				for (Object obj : grid.getObjectsAt((int) moveX, (int) moveY)) {
//					if (obj instanceof ObstacleSXM || (obj instanceof ExplorerSXM &amp;&amp; obj != this)) {
//						return true;
//					}
//				}

				double distance = 3.0;
				double angle = 60;
				for (Object obj: getObjectsAtFront(distance, direction, angle)) {
					if (obj instanceof ObstacleSXM || (obj instanceof ExplorerSXM &amp;&amp; obj != this)) 
						return true;
				}
				return false;
			}
		
			protected boolean atBase() {
				return ((int) getX() - baseX) * ((int) getX() - baseX)
						+ ((int) getY() - baseY) * ((int) getY() - baseY) &lt;= 1.0;
			}
		
			protected CrumbSXM getCrumb() {
				for (Object obj : grid.getObjectsAt((int) getX(), (int) getY())) {
					if (obj instanceof CrumbSXM) {
						return (CrumbSXM) obj;
					}
				}
				return null;
			}
		
			protected SampleSXM getSample() {
				for (Object obj : grid.getObjectsAt((int) getX(), (int) getY())) {
					if (obj instanceof SampleSXM &amp;&amp; obj != sample) {
						SampleSXM sample = (SampleSXM) obj;
						if (sample.getCarrier() == null)
							return (SampleSXM) obj;
						else
							DEBUG("That's mine!");
					}
				}
				return null;
			}	
		
			/*
			 * Method called at each cycle by the simulation environment
			 */
			@ScheduledMethod(start = 1, interval = 1)
			public void run() {
				// provide an input to the SXM
				step(obstacleAtFront(), atBase(), getSample(), getCrumb());
			};
	</methods>
	
	<!--Inputs definition-->
	<inputs>
		<input name="step" >
			<arg name="obstacle" type="xs:boolean"/>
			<arg name="atBase" type="xs:boolean"/>
			<arg name="sample" type="sxm"/>
			<arg name="crumb" type="sxm"/>
		</input>
	</inputs>
	
	<!--Outputs definition-->
	<outputs>
		<output name="stepOut" />
	</outputs>
	
	<!--Functions definition-->
	<functions>
	
		<function name="AvoidObstacle" input="step" output="stepOut" xsi:type="OutputFunction">
			<precondition>
 	           step.get_obstacle()  
			</precondition>
			<effect>
		        setDirection(direction + RandomHelper.nextDoubleFromTo(30, 150));
			//	DEBUG("OBSTACLE DIR: " + (int) direction + " FROM: " + getX() + ", " + getY());
			</effect>
		</function>

		<function name="Carry" input="step" output="stepOut" xsi:type="OutputFunction">
			<precondition>
            	!step.get_obstacle() &amp;&amp; step.get_sample() != null  &amp;&amp; !step.get_atBase()
			</precondition>
			<effect>
			//	DEBUG("ON SAMPLE: " + (int) direction + " FROM: " + getX() + ", " + getY());
				sample = (SampleSXM) step.get_sample();
				sample.carry(ExplorerSXM.this);
				sample.move();
			</effect>
		</function>

		<function name="FollowCrumb" input="step" output="stepOut" xsi:type="OutputFunction">
			<precondition>
				! step.get_obstacle() &amp;&amp; 
				(step.get_sample() == null || step.get_atBase()) &amp;&amp; 
				step.get_crumb() != null			
			</precondition>
			<effect>
				removeFromEnvironment((SXMSpatial)step.get_crumb());
				      
				setDirection(angleTo(baseX, baseY) + 180);
				moveByVector(1, direction);
				
			//	DEBUG("CRUMB DIR: " + (int) direction + " FROM: " + getX() + ", " + getY());
			</effect>
		</function>

		<function name="MoveRandomly" input="step" output="stepOut" xsi:type="OutputFunction">
			<precondition>
               ! step.get_obstacle() &amp;&amp; 
               (step.get_sample() == null || step.get_atBase()) &amp;&amp; 
               step.get_crumb() == null
			</precondition>
			<effect>
		        moveByVector(1, direction);

				// change direction at borders
				if ((int) getX() == 0
						|| (int) getX() == grid.getDimensions().getWidth() - 1
						|| (int) getY() == 0
						|| (int) getY() == grid.getDimensions().getHeight() - 1)
					setDirection(direction + 90);

				// turn over at base
		//		if (step.get_atBase())
		//			direction += 180;

				setDirection(direction + RandomHelper.nextDoubleFromTo(0, 45)
						- RandomHelper.nextDoubleFromTo(0, 45));

			//	DEBUG("RANDOM DIR: " + (int) direction + " FROM: " + getX() + ", " + getY());
			</effect>
		</function>

		<function name="MoveToBase" input="step" output="stepOut" xsi:type="OutputFunction">
			<precondition>
            	! step.get_obstacle()  &amp;&amp; ! step.get_atBase();
			</precondition>
			<effect>
	            moveByVector(1, direction);
				sample.move();
				if (! step.get_atBase())
					for(int i=0;i &lt; 2;i++) {
						CrumbSXM crumb = new CrumbSXM();
						addToEnvironment(crumb);
		
						crumb.moveTo(getX(), getY());
					}
				setDirection(angleTo(baseX, baseY));
			//	DEBUG("TO BASE DIR: " + (int) direction + " FROM: " + getX() + ", " + getY());
			</effect>
		</function>

		<function name="DropAtBase" input="step" output="stepOut" xsi:type="OutputFunction">
			<precondition>
            	!step.get_obstacle() &amp;&amp; step.get_atBase();
			</precondition>
			<effect>
				sample.drop();
		        sample = null;
		        
		        // turn around to follow the path to samples
		        setDirection(direction + 180);
			//		DEBUG("AT BASE: " + (int) direction + " FROM: " + getX() + ", " + getY());
			</effect>
		</function>
	</functions>
</SXM>
