<?xml version="1.0" encoding="UTF-8"?>
<sequence xmlns="http://www.jsxm.org/schema"
		  xmlns:xsi="http://www.w3.org/2001/XMLSchema-instance"
		  xsi:schemaLocation="http://www.jsxm.org/schema http://www.jsxm.org/schema/input.xsd">
	
	<call>
		<input name="open"/>
	</call>
	
	<call>
		<input name="deposit">
			<amount type="xs:int">9</amount>
		</input>
	</call>
	
	<call>
		<input name="getBalance"/>
	</call>
	<call>
		<input name="withdraw">
			<amount  type="xs:int">5</amount>
		</input>
	</call>
	<call>
		<input name="getBalance"/>
	</call>
	<call>
		<input name="deposit">
			<amount  type="xs:int">3</amount>
		</input>
	</call>
	<call>
		<input name="getBalance"/>
	</call>
	<call>
		<input name="close"/>
	</call>
	<call>
		<input name="withdraw">
			<amount  type="xs:int">7</amount>
		</input>
	</call>
	<call>
		<input name="getBalance"/>
	</call>
	<call>
		<input name="close"/>
	</call>
	<call>
		<input name="getBalance"/>
	</call>
	<call>
		<input name="deposit">
			<amount type="xs:int">3</amount>
		</input>
	</call>
	<call>
		<input name="withdraw">
			<amount  type="xs:int">7</amount>
		</input>
	</call>
	<call>
		<input name="open"/>
	</call>
</sequence>
