<?xml version="1.0" encoding="UTF-8"?>
<sequence xmlns="http://www.jsxm.org/schema" xmlns:xsi="http://www.w3.org/2001/XMLSchema-instance" xsi:schemaLocation="http://www.jsxm.org/schema http://www.jsxm.org/schema/input.xsd">
  <call>
    <input name="startAutomato" />
  </call>
  <call>
    <input name="startAutomato" />
  </call>
  <call>
    <input name="resetAutomato" />
  </call>
  <call>
    <input name="startAutomato" />
  </call>
  <call>
    <input name="stopAutomato" />
  </call>
  <call>
    <input name="stopAutomato" />
  </call>
  <call>
    <input name="startAutomato" />
  </call>
  <call>
    <input name="resetAutomato" />
  </call>
</sequence>

