<?xml version="1.0" encoding="UTF-8"?>
<sequence xmlns="http://www.jsxm.org/schema" xmlns:xsi="http://www.w3.org/2001/XMLSchema-instance" xsi:schemaLocation="http://www.jsxm.org/schema http://www.jsxm.org/schema/output.xsd">
  <call>
    <input name="resetAutomato" />
    <output name="resetAutomato_Error" />
  </call>
  <call>
    <input name="stopAutomato" />
    <output name="stopAutomato_Error" />
  </call>
  <call>
    <input name="startAutomato" />
    <output name="startOut" />
  </call>
  <call>
    <input name="resetAutomato" />
    <output name="resetOut" />
  </call>
  <call>
    <input name="stopAutomato" />
    <output name="stopAutomato_Error" />
  </call>
  <call>
    <input name="startAutomato" />
    <output name="startOut" />
  </call>
  <call>
    <input name="stopAutomato" />
    <output name="stopOut" />
  </call>
  <call>
    <input name="startAutomato" />
    <output name="startAutomato_Error" />
  </call>
  <call>
    <input name="resetAutomato" />
    <output name="resetOut" />
  </call>
  <call>
    <input name="startAutomato" />
    <output name="startOut" />
  </call>
</sequence>

