<?xml version="1.0" encoding="UTF-8"?>
<sequence xmlns="http://www.jsxm.org/schema" xmlns:xsi="http://www.w3.org/2001/XMLSchema-instance" xsi:schemaLocation="http://www.jsxm.org/schema http://www.jsxm.org/schema/output.xsd">
  <call>
    <input name="addToCart">
      <prodId type="xs:string">abc</prodId>
      <quantity type="xs:int">3</quantity>
    </input>
    <output name="addToCartOut" />
  </call>
  <call>
    <input name="getCart" />
    <output name="getCartOut">
      <cart type="CartType">
        <item xmlns="" prodId="abc" quantity="3" />
      </cart>
    </output>
  </call>
  <call>
    <input name="addToCart">
      <prodId type="xs:string">def</prodId>
      <quantity type="xs:int">12</quantity>
    </input>
    <output name="addToCartOut" />
  </call>
  <call>
    <input name="addToCart">
      <prodId type="xs:string">abc</prodId>
      <quantity type="xs:int">1</quantity>
    </input>
    <output name="addToCartOut" />
  </call>
  <call>
    <input name="getCart" />
    <output name="getCartOut">
      <cart type="CartType">
        <item xmlns="" prodId="abc" quantity="4" />
        <item xmlns="" prodId="def" quantity="12" />
      </cart>
    </output>
  </call>
  <!-- 	<call> -->
  <!-- 		<input name="setCart"> -->
  <!-- 			<cart type="CartType"> -->
  <!-- 					<item prodId="ghf" quantity="3"/>  -->
  <!-- 					<item prodId="klm" quantity="5"/>  -->
  <!-- 			</cart> -->
  <!-- 		</input> -->
  <!-- 	</call> -->
  <call>
    <input name="getCart" />
    <output name="getCartOut">
      <cart type="CartType">
        <item xmlns="" prodId="abc" quantity="4" />
        <item xmlns="" prodId="def" quantity="12" />
      </cart>
    </output>
  </call>
  <call>
    <input name="checkOut">
      <orderDetails type="OrderDetailsType">
        <paymentWith>Visa</paymentWith>
      </orderDetails>
    </input>
    <output name="checkOutOut">
      <orderDetails type="OrderDetailsType" />
    </output>
  </call>
</sequence>

