<?xml version="1.0" encoding="UTF-8"?>
<SXM xmlns="http://www.jsxm.org/schema" xmlns:xsi="http://www.w3.org/2001/XMLSchema-instance" name="Automaton" xsi:schemaLocation="http://www.jsxm.org/schema http://www.jsxm.org/schema/specification.xsd">
  <!--States definition-->
  <states>
    <state name="initial" />
    <state name="middle" />
    <state name="terminal" />
  </states>
  <!--Initial State definition-->
  <initialState state="initial" />
  <!--Transitions definition-->
  <transitions>
    <transition from="initial" function="startAutomaton" to="middle" />
    <transition from="middle" function="stopAutomaton" to="terminal" />
    <transition from="terminal" function="resetAutomaton" to="initial" />
    <transition from="middle" function="resetAutomaton" to="initial" />
    <transition from="terminal" function="startError" to="terminal" />
    <transition from="middle" function="startError" to="middle" />
    <transition from="initial" function="stopError" to="initial" />
    <transition from="terminal" function="stopError" to="terminal" />
    <transition from="initial" function="resetError" to="initial" />
  </transitions>
  <!--Memory definition-->
  <memory>
    <declaration />
    <initial />
    <display />
  </memory>
  <!--Inputs definition-->
  <inputs>
    <input name="startAutomaton" />
    <input name="stopAutomaton" />
    <input name="resetAutomaton" />
  </inputs>
  <!--Outputs definition-->
  <outputs>
    <output name="startOut" />
    <output name="stopOut" />
    <output name="resetOut" />
  </outputs>
  <!--Faults definition-->
  <faults>
    <fault name="startAutomaton_Error" />
    <fault name="stopAutomaton_Error" />
    <fault name="resetAutomaton_Error" />
  </faults>
  <!--Functions definition-->
  <functions>
    <function name="startAutomaton" input="startAutomaton" output="startOut" xsi:type="OutputFunction" />
    <function name="stopAutomaton" input="stopAutomaton" output="stopOut" xsi:type="OutputFunction" />
    <function name="resetAutomaton" input="resetAutomaton" output="resetOut" xsi:type="OutputFunction" />
    <function name="startError" input="startAutomaton" fault="startAutomaton_Error" xsi:type="FaultFunction" />
    <function name="stopError" input="stopAutomaton" fault="stopAutomaton_Error" xsi:type="FaultFunction" />
    <function name="resetError" input="resetAutomaton" fault="resetAutomaton_Error" xsi:type="FaultFunction" />
  </functions>
</SXM>

