<?xml version="1.0" encoding="UTF-8"?>
<sets xmlns="http://www.jsxm.org/schema" xmlns:xsi="http://www.w3.org/2001/XMLSchema-instance" xsi:schemaLocation="http://www.jsxm.org/schema http://www.jsxm.org/schema/sets.xsd">
  <!--Characterization definition-->
  <characterization>
    <sequence>
      <function name="startAutomaton" />
    </sequence>
    <sequence>
      <function name="startError" />
    </sequence>
    <sequence>
      <function name="stopAutomaton" />
    </sequence>
    <sequence>
      <function name="stopError" />
    </sequence>
    <sequence>
      <function name="resetAutomaton" />
    </sequence>
    <sequence>
      <function name="resetError" />
    </sequence>
  </characterization>
  <!--StateCover definition-->
  <statecover>
    <sequence />
    <sequence>
      <function name="startAutomaton" />
    </sequence>
    <sequence>
      <function name="startAutomaton" />
      <function name="stopAutomaton" />
    </sequence>
    <sequence>
      <function name="startAutomaton" />
      <function name="stopAutomaton" />
      <function name="resetAutomaton" />
    </sequence>
  </statecover>
</sets>

