<?xml version="1.0" encoding="UTF-8"?>
<sequence xmlns="http://www.jsxm.org/schema" xmlns:xsi="http://www.w3.org/2001/XMLSchema-instance" xsi:schemaLocation="http://www.jsxm.org/schema http://www.jsxm.org/schema/output.xsd">
  <call>
    <input name="open" />
    <output name="openOut" />
  </call>
  <call>
    <input name="deposit">
      <amount type="xs:int">20</amount>
    </input>
    <output name="depositOut">
      <amount type="xs:int">20</amount>
    </output>
  </call>
  <call>
    <input name="deposit">
      <amount type="xs:int">-20</amount>
    </input>
    <output name="depositError" />
  </call>
</sequence>

