<?xml version="1.0" encoding="UTF-8"?>
<SXM name="Calc" 
	xmlns="http://www.jsxm.org/schema"
	xmlns:xsi="http://www.w3.org/2001/XMLSchema-instance"
	xsi:schemaLocation="http://www.jsxm.org/schema http://www.jsxm.org/schema/specification.xsd">
	
	<!--
	Calc is a specification of a simple calculator accepting one digit at a time
	and performing (for the time being) only addition.

	This is an example of a uniform specification since test inputs do not 
	depend on memory. 
	Therefore all test sequences are realizable.  
	This is an input-complete specification.
	-->
	<!--States definition-->
	<states>
		<state name="initial"/>
		<state name="accept"/>
		<state name="result"/>
	</states>

	<!--Initial State definition-->
	<initialState state="initial"/>

	<!--Transitions definition-->
	<transitions>
		<transition from="initial" function="digit1" to="accept"/>
		<transition from="accept" function="digitN" to="accept"/>
		<transition from="accept" function="add" to="initial"/>
		<transition from="accept" function="res" to="result"/>
		<transition from="result" function="digit1" to="accept"/>
		<transition from="result" function="add" to="initial"/>

		<transition from="initial" function="addErr" to="initial"/>
		<transition from="initial" function="resErr" to="initial"/>
		<transition from="initial" function="dig1Err" to="initial"/>

		<transition from="accept" function="digNErr" to="accept"/>

		<transition from="result" function="resErr" to="result"/>
		<transition from="result" function="dig1Err" to="result"/>
	</transitions>

	<!--Memory definition-->
	<memory>
		<declaration> int number; int total; </declaration>
		<initial> number = 0; total = 0; </initial>
		<display> "" + number + ", " + total </display>
		<javaImports> import java.util.*; </javaImports>

	</memory>

	<!--Inputs definition-->
	<inputs>
		<input name="plus"/>
		<input name="eq"/>
		<input name="d">
			<arg name="digit" type="xs:int"/>
		</input>
	</inputs>
	
	<!--Outputs definition-->
	<outputs>
		<output name="plusOut">
			<result name="number" type="xs:int"/>
		</output>
		<output name="eqOut">
			<result name="number" type="xs:int"/>
		</output>
		<output name="dOut">
			<result name="number" type="xs:int"/>
		</output>
	</outputs>

	<!--Faults definition-->
	<faults>
		<fault name="plusErr"/>
		<fault name="eqErr"/>
		<fault name="d1Err"/>
		<fault name="dNErr"/>
	</faults>

	<!--Functions definition-->
	<functions>
		<function name="digit1" input="d" output="dOut" xsi:type="OutputFunction">
			<precondition> d.get_digit() &gt; 0 &amp;&amp; d.get_digit() &lt; 10 </precondition>
			<effect> number = d.get_digit(); dOut.number = number; </effect>
		</function>
		<function name="digitN" input="d" output="dOut" xsi:type="OutputFunction">
			<precondition> d.get_digit() &gt; -1 &amp;&amp; d.get_digit() &lt; 10 </precondition>
			<effect> number = number*10 + d.get_digit(); dOut.number = number; </effect>
		</function>
		<function name="add" input="plus" output="plusOut" xsi:type="OutputFunction">
			<effect> total = total + number; number = 0; plusOut.number = total; </effect>
		</function>
		<function name="res" input="eq" output="eqOut" xsi:type="OutputFunction">
			<effect> number = total + number; total = 0; eqOut.number = number; </effect>
		</function>


		<function name="resErr" input="eq" fault="eqErr" xsi:type="FaultFunction"/>
		<function name="addErr" input="plus" fault="plusErr" xsi:type="FaultFunction"/>
		<function name="dig1Err" input="d" fault="d1Err" xsi:type="FaultFunction">
			<precondition> ! (d.get_digit() &gt; 0 &amp;&amp; d.get_digit() &lt; 10) </precondition>
		</function>
		<function name="digNErr" input="d" fault="dNErr" xsi:type="FaultFunction">
			<precondition> ! (d.get_digit() &gt; -1 &amp;&amp; d.get_digit() &lt; 10)
			</precondition>
		</function>
	</functions>

	<!--Test Input generation definition-->
	<testinputgeneration>
		<inputgenerator function="digit1"> d.set_digit((new Random()).nextInt(8)+1); </inputgenerator>
		<inputgenerator function="digitN"> d.set_digit((new Random()).nextInt(9)); </inputgenerator>
		<inputgenerator function="dig1Err"> int n = (new Random()).nextInt(1); if ( n==0)
			d.set_digit(0); else d.set_digit(10); </inputgenerator>
		<inputgenerator function="digNErr"> int n = (new Random()).nextInt(1); if ( n==0)
			d.set_digit(-1); else d.set_digit(10); </inputgenerator>
	</testinputgeneration>
</SXM>
