<?xml version="1.0" encoding="UTF-8"?>
<SXM name="Cart" 
	xmlns="http://www.jsxm.org/schema"
	xmlns:xsi="http://www.w3.org/2001/XMLSchema-instance"
	xsi:schemaLocation="http://www.jsxm.org/schema http://www.jsxm.org/schema/specification.xsd">
	
	<!--States definition-->
	<states>
		<state name="shopping"/>
		<state name="pending"/>
		<!--
			<state name="completed" />
			
		-->
	</states>

	<!--Initial state definition-->
	<initialState state="shopping"/>

	<!--Transitions definition-->
	<transitions>
		<transition from="shopping" function="addToCartPF" to="shopping"/>
		<transition from="shopping" function="removeFromCartPF" to="shopping"/>
		<transition from="shopping" function="getCartPF" to="shopping"/>
		<transition from="shopping" function="setCartPF" to="shopping"/>
		<transition from="shopping" function="checkOutPF" to="pending"/>
		<!--
			<transition from="pending" function="checkStatusPF" to="pending" />
			<transition from="pending" function="completePF" to="completed" />
			<transition from="completed" function="checkStatusPF" to="completed" />
		-->
	</transitions>

	<!--Memory definition-->
	<memory>
		<declaration>
			<!-- cart stores the quantity for each product id --> HashMap&lt;String, Integer&gt;
			cart; </declaration>
		<initial>cart = new HashMap&lt;String,Integer&gt;();</initial>
		<display/>
		<javaImports> import java.util.HashMap; import java.util.*; </javaImports>
	</memory>

	<!--Inputs definition-->
	<inputs>
		<input name="addToCart">
			<arg name="prodId" type="xs:string"/>
			<arg name="quantity" type="xs:int"/>
		</input>
		<input name="removeFromCart">
			<arg name="prodId" type="xs:string"/>
		</input>
		<input name="getCart"/>
		<input name="setCart">
			<arg name="cart" type="CartType"/>
		</input>
		<input name="checkOut">
			<arg name="orderDetails" type="OrderDetailsType"/>
		</input>
	</inputs>
	
	<!--Outputs definition-->
	<outputs>
		<output name="addToCartOut"/>
		<output name="removeFromCartOut"/>
		<output name="getCartOut">
			<result name="cart" type="CartType"/>
		</output>
		<output name="setCartOut"/>
		<output name="checkOutOut">
			<result name="orderDetails" type="OrderDetailsType"/>
		</output>
	</outputs>

	<!--Functions definition-->
	<functions>

		<function name="addToCartPF" input="addToCart" output="addToCartOut" xsi:type="OutputFunction">
			<precondition>true</precondition>
			<effect> 
				String id = addToCart.get_prodId(); 
				int quantity = addToCart.get_quantity();
				int oldQuantity = 0; 
				if (cart.containsKey(id)) 
					oldQuantity = cart.get(id);
					cart.put(id, oldQuantity+quantity); 
			</effect>
		</function>

		<function name="removeFromCartPF" input="removeFromCart" output="removeFromCartOut" xsi:type="OutputFunction">
			<precondition> cart.containsKey(removeFromCart.get_prodId()) </precondition>
			<effect> cart.remove(removeFromCart.get_prodId()); </effect>
		</function>

		<function name="getCartPF" input="getCart" output="getCartOut" xsi:type="OutputFunction">
			<precondition>true</precondition>
			<effect> 
				CartType cartOut = new CartType(); 
				for (String i: cart.keySet() ) { 
					Integer q = cart.get(i); 
					CartItemType cartItem=new CartItemType(); 
					cartItem.setProdId(i);
					cartItem.setQuantity(q); 
					cartOut.getItem().add(cartItem);
				} 
				getCartOut.cart = cartOut; 
			</effect>
		</function>
		<function name="setCartPF" input="setCart" output="setCartOut" xsi:type="OutputFunction">
			<precondition>true</precondition>
			<effect> 
				cart.clear(); 
				for(CartItemType cartItem: setCart.get_cart().getItem()) {
					cart.put(cartItem.getProdId(), cartItem.getQuantity()); 
				} 
			</effect>
		</function>
		<function name="checkOutPF" input="checkOut" output="checkOutOut" xsi:type="OutputFunction">
			<precondition>true</precondition>
			<effect> checkOutOut.orderDetails = checkOut.get_orderDetails(); </effect>
		</function>

	</functions>

	<!--Test Input generation definition-->
	<testinputgeneration>
		<inputgenerator function="addToCartPF"> 
			String id = UUID.randomUUID().toString().substring(0, 3);
			Integer quantity = (new Random()).nextInt(10); 
			addToCart.set_prodId(id);
			addToCart.set_quantity(quantity); 
		</inputgenerator>
		<inputgenerator function="removeFromCartPF"> 
			if (cart.size()> 0)
				removeFromCart.set_prodId((String) cart.keySet().toArray()[(new Random()).nextInt(cart.size())]); 
		</inputgenerator>
		<inputgenerator function="getCartPF"> </inputgenerator>
		<inputgenerator function="setCartPF"> 
			CartType cart = new CartType(); 
			// put at least 5 items 
			int numItems = (new Random()).nextInt(3)+5; 
			for (int i=0; i &lt; numItems;i++) {
					String id = UUID.randomUUID().toString().substring(0, 3); 
					Integer quantity = (new Random()).nextInt(10);
					CartItemType cartItem=new CartItemType();
					cartItem.setProdId(id);
					cartItem.setQuantity(quantity); 
					cart.getItem().add(cartItem); 
			} 
			setCart.set_cart(cart); 
		</inputgenerator>
		<inputgenerator function="checkOutPF"> 
			OrderDetailsType od = new OrderDetailsType();
			od.setPaymentWith(PaymentType.fromValue("Visa")); 
			checkOut.set_orderDetails(od);
		</inputgenerator>
	</testinputgeneration>


	<!-- Old syntax for generators -->
	<!--
	<testinputgeneration>
		<inputgenerator function="addToCartPF">
			setArg(0, UUID.randomUUID().toString().substring(0, 3)); 
			setArg(1, ""+(new Random()).nextInt(10)); 
		</inputgenerator>
		<inputgenerator function="removeFromCartPF">
			if (cart.size()> 0)
				setArg(0, (String) cart.keySet().toArray()[(new Random()).nextInt(cart.size())]);
		</inputgenerator>
		<inputgenerator function="getCartPF">
		</inputgenerator>
		<inputgenerator function="setCartPF">
		setArg(0, "&lt;cart&gt;&lt;item quantity=\"5\" prodId=\"klm\" /&gt;&lt;item quantity=\"3\" prodId=\"ghf\" /&gt;&lt;/cart&gt;"); 
		
		</inputgenerator>
		<inputgenerator function="checkOutPF">
		setArg(0, "&lt;paymentWith&gt;Visa&lt;/paymentWith&gt;");
		</inputgenerator>
	</testinputgeneration>
-->

</SXM>
