<SXM name="Borrower" 
	xmlns="http://www.jsxm.org/schema"
	xmlns:xsi="http://www.w3.org/2001/XMLSchema-instance"
	xsi:schemaLocation="http://www.jsxm.org/schema http://www.jsxm.org/schema/specification.xsd">

	<dependencies>
		<uses sxm="Book"/>
	</dependencies>

    <!--States definition-->
	<states>
		<state name="noBook"/>
		<state name="oneBook"/>
	</states>
    <!--Initial State definition-->
	<initialState state="noBook"/>
    <!--Transitions definition-->
	<transitions>
		<transition from="noBook" function="borrowBookPF" to="oneBook"/>
		<transition from="oneBook" function="returnBookPF" to="noBook"/>
		<transition from="noBook" function="canBorrowBookPF" to="noBook" />
		<transition from="oneBook" function="canNotBorrowBookPF" to="oneBook" />
		<transition from="noBook" function="borrowBookNotAvailablePF" to="noBook"/>
		<transition from="oneBook" function="borrowBookCannotBorrowPF" to="oneBook" />
	</transitions>

	<memory>
		<declaration> int id; BookSXM book; </declaration>
		<initial> id = 0; book = null; </initial>
		<display> book </display>
	</memory>
	<methods>
		public void setId(int id) {this.id = id;}
	</methods>

	<inputs>
		<input name="borrowBook">
			<arg name="book" type="sxm"/>
		</input>
		<input name="returnBook"/>
		<input name="canBorrow" />
	</inputs>
	<outputs>
		<output name="borrowBookOut"/>
		<output name="returnBookOut"/>
		<output name="canBorrowOut" >
			<result name="result" type="xs:boolean"/>
		</output>
	</outputs>

	<faults>
		<fault name="borrowBook_NotAvailable"/>
		<fault name="borrowBook_CannotBorrow"/>
	</faults>

	<functions>

		<function name="borrowBookPF" input="borrowBook" output="borrowBookOut" xsi:type="OutputFunction">
			<precondition>
				<!-- 
					borrowBook.book is an Sxm.
					Send the input isAvailable() to the Sxm.
					From the response get the value of the part named "result".
				-->
				((BookSXM) (borrowBook.get_book())).isAvailable().result; 
			</precondition>
			<effect> 
				book = (BookSXM) borrowBook.get_book();
				book.setBorrowed(); 
			</effect>
		</function>

		<function name="borrowBookNotAvailablePF" input="borrowBook" fault="borrowBook_NotAvailable" xsi:type="FaultFunction">
			<precondition> 
				!((BookSXM) (borrowBook.get_book())).isAvailable().result; 
			</precondition>
			<effect> </effect>
		</function>

		<function name="borrowBookCannotBorrowPF" input="borrowBook" fault="borrowBook_CannotBorrow" xsi:type="FaultFunction">
			<precondition> 
			</precondition>
			<effect> </effect>
		</function>



		<function name="returnBookPF" input="returnBook" output="returnBookOut" xsi:type="OutputFunction">
			<effect>
				<!-- 
					book is an Sxm (the one in the memory).
					Send the input release() to the Sxm.
					The output is ignored.
				-->
				book.release(); book = null; </effect>
		</function>
		<function name="canBorrowBookPF" input="canBorrow" output="canBorrowOut" xsi:type="OutputFunction">
			<effect>
				canBorrowOut.result = true;
			</effect>
		</function>
		
		<function name="canNotBorrowBookPF" input="canBorrow" output="canBorrowOut" xsi:type="OutputFunction">
			<effect>
				canBorrowOut.result = false;
			</effect>
		</function>
	</functions>

	<testinputgeneration>

		<inputgenerator function="borrowBookPF"> 
			setArg(0, "newsxm:availableBook");
		</inputgenerator>

		<inputgenerator function="borrowBookNotAvailablePF"> 
			setArg(0, "newsxm:borrowedBook"); 
		</inputgenerator>

		<inputgenerator function="returnBookPF"/>
		
		<inputgenerator function="borrowBookCannotBorrowPF"> 
			setArg(0, "newsxm:availableBook"); 
		</inputgenerator>
		
		
		<!--
		<inputgenerator function="canBorrowBook" />
		<inputgenerator function="canNotBorrowBook" />
	-->
	</testinputgeneration>
</SXM>
