<?xml version="1.0" encoding="UTF-8"?>
<SXM name="Sample" xmlns="http://www.jsxm.org/schema" xmlns:xsi="http://www.w3.org/2001/XMLSchema-instance"
	xsi:schemaLocation="http://www.jsxm.org/schema http://www.jsxm.org/schema/specification.xsd">

	<!--Dependencies definition-->
	<dependencies>
		<uses sxm="Explorer" />
	</dependencies>

	<!--States definition-->
	<states>
		<state name="initial" />
		<state name="carried" />
		<state name="atbase" />
	</states>

	<!--Initial State definition-->
	<initialState state="initial" />
	
	<!--Transitions definition-->
	<transitions>
		<transition from="initial" function="Carried" to="carried" />
		<transition from="carried" function="Move" to="carried" />
		<transition from="carried" function="Dropped" to="atbase" />
	</transitions>
	
	<!--Memory definition-->
	<memory>
		<declaration>
		</declaration>
		<initial>
			carrier = null;
		</initial>
		<display>
			carrier
		</display>
		<javaImports>
		</javaImports>
	</memory>
	
	<methods>
		ExplorerSXM carrier;

		public ExplorerSXM getCarrier() {
			return carrier;
		}
	</methods>

	<!--Inputs definition-->
	<inputs>
		<input name="carry">
			<arg name="by" type="sxm" />
		</input>
		<input name="move" />
		<input name="drop" />
	</inputs>
	
	<!--Outputs definition-->
	<outputs>
		<output name="carryOut" />
		<output name="moveOut" />
		<output name="dropOut" />
	</outputs>

	<!--Functions definition-->
	<functions>
		<function name="Carried" input="carry" output="carryOut" xsi:type="OutputFunction">
			<effect>
				carrier = (ExplorerSXM) carry.get_by();
			</effect>
		</function>
		<function name="Move" input="move" output="moveOut" xsi:type="OutputFunction">
			<effect>
				moveTo(carrier.getX(), carrier.getY());
			</effect>
		</function>
		<function name="Dropped" input="drop" output="dropOut" xsi:type="OutputFunction">
			<effect>
				carrier = null;
			//	DEBUG("SAMPLE DROPPED AT: " + getX() + ", " + getY());
			</effect>
		</function>
	</functions>
</SXM>
