<definitions 
	xmlns="http://www.jsxm.org/schema"
	xmlns:xsi="http://www.w3.org/2001/XMLSchema-instance"
	xsi:schemaLocation="http://www.jsxm.org/schema http://www.jsxm.org/schema/definitions.xsd">

	<!-- BOOKS -->

	<defsxm name="borrowedBook" sxm="BookSXM">
		<input name="setBorrowed"/>
	</defsxm>

	<defsxm name="availableBook" sxm="BookSXM"> </defsxm>


	<!-- BORROWERS -->

	<defsxm name="nobookBorrower" sxm="BorrowerSXM"> </defsxm>
	
	
<!-- 	<defsxm name="onebookBorrower" sxm="BorrowerSXM">
        <param name="bookTitle" type="xs:string" />
        <input name="borrowBook">
            <arg type="sxm"/>
        </input>
    </defsxm> -->

	<defsxm name="onebookBorrower" sxm="BorrowerSXM">
		<input name="borrowBook">
			<arg type="sxm" ></arg>
		</input>
		<input name="borrowBook">
			<arg type="sxm" ></arg>
		</input>
		<input name="borrowBook">
			<arg type="sxm" ></arg>
		</input>
		<input name="borrowBook">
			<arg type="sxm" ></arg>
		</input>
	</defsxm>

</definitions>

    
    