<SXM name="Library" 
	xmlns="http://www.jsxm.org/schema"
	xmlns:xsi="http://www.w3.org/2001/XMLSchema-instance"
	xsi:schemaLocation="http://www.jsxm.org/schema http://www.jsxm.org/schema/specification.xsd">

	<dependencies>
		<uses sxm="Book"/>
		<uses sxm="Borrower"/>
	</dependencies>
    <!--States definition-->
	<states>
		<state name="initial"/>
	</states>
    <!--Initial State definition-->
	<initialState state="initial"/>
    <!--Transitions definition-->
	<transitions>
	<!-- SUCCESSFUL SCENARIOS -->
		<transition from="initial" function="borrowBookPF" to="initial"/>
		<transition from="initial" function="returnBookPF" to="initial"/>
	<!-- EXCEPTIONS -->
		<transition from="initial" function="borrowBookNotAvailablePF" to="initial"/>
		<transition from="initial" function="borrowBookCannotBorrowPF" to="initial"/>
	</transitions>

	<memory>
		<declaration> 
			Map books; 
			Map borrowers; 
		</declaration>
		<initial> 
			books = new HashMap();
			borrowers = new HashMap();
			
			addBook(11);
			addBook(12);
			addBook(13);
			addBorrower(51);
			addBorrower(52);
			addBorrower(53);
		</initial>
		<display></display>
		
		<javaImports> import java.util.*; </javaImports>

	</memory>
	
	<methods>
		private void addBook(int bookId) {
			BookSXM book = new BookSXM();
			book.reset();
			book.setId(bookId);
			books.put(new Integer(bookId), book);
		}
	
		private void addBorrower(int borrowerId) {
			BorrowerSXM borrower = new BorrowerSXM();
			borrower.reset();
			borrower.setId(borrowerId);
			borrowers.put(new Integer(borrowerId), borrower);
		}
		private boolean bookExists(int bookId) {
			return books.containsKey(new Integer(bookId));
		}
		private boolean borrowerExists(int borrowerId) {
			return borrowers.containsKey(new Integer(borrowerId));
		}
		private BookSXM getBookWithId(int bookId) {
			return (BookSXM) books.get(new Integer(bookId));
		}
		private BorrowerSXM getBorrowerWithId(int borrowerId) {
			return (BorrowerSXM) borrowers.get(new Integer(borrowerId));
		}
		
		private Integer getAvailableBookKey(boolean isAvailable) {
			for (Map.Entry &lt; Integer, BookSXM &gt; entry : (Set &lt; Map.Entry &lt; Integer, BookSXM &gt;&gt;) books.entrySet()) {
			    Integer key = entry.getKey();
			    BookSXM book = entry.getValue();
			    if (book.isAvailable().result == isAvailable)
			    	return key;
			}
			return null;		
		}
		private Integer getCanBorrowBorrowerKey(boolean canBorrow) {
			for (Map.Entry &lt; Integer, BorrowerSXM &gt; entry : (Set &lt; Map.Entry &lt; Integer, BorrowerSXM &gt;&gt;) borrowers.entrySet()) {
			    Integer key = entry.getKey();
			    BorrowerSXM borrower = entry.getValue();
			    if (borrower.canBorrow().result == canBorrow)
			    	return key;
			}
			return null;		
		}
	</methods>

	<inputs>
		<input name="borrowBook">
			<arg name="borrowerId" type="xs:int"/>
			<arg name="bookId" type="xs:int"/>
		</input>
		<input name="returnBook">
			<arg name="borrowerId" type="xs:int"/>
		</input>
	</inputs>
	<outputs>
		<output name="borrowBookOut"/>
		<output name="returnBookOut"/>
	</outputs>
	<faults>
		<fault name="borrowBook_NotAvailable"/>
		<fault name="borrowBook_CannotBorrow"/>
	</faults>

	<functions>
		<function name="borrowBookPF" input="borrowBook" output="borrowBookOut" xsi:type="OutputFunction">
			<precondition>
			    bookExists(borrowBook.get_bookId()) &amp;&amp;
			    borrowerExists(borrowBook.get_borrowerId()) &amp;&amp;

			    getBookWithId(borrowBook.get_bookId()).isAvailable().result &amp;&amp;
			    getBorrowerWithId(borrowBook.get_borrowerId()).canBorrow().result 
			</precondition>
			<effect> 
				getBorrowerWithId(borrowBook.get_borrowerId()).
					borrowBook(getBookWithId(borrowBook.get_bookId()));			
			</effect>
		</function>

		<function name="returnBookPF" input="returnBook" output="returnBookOut" xsi:type="OutputFunction">
			<precondition>
			    borrowerExists(returnBook.get_borrowerId()) &amp;&amp;
			    ! getBorrowerWithId(returnBook.get_borrowerId()).canBorrow().result 
			</precondition>
			<effect>
				getBorrowerWithId(returnBook.get_borrowerId()).returnBook();
			</effect>
		</function>

		<!-- ERRORS -->

		<function name="borrowBookNotAvailablePF" input="borrowBook" fault="borrowBook_NotAvailable" xsi:type="FaultFunction">
			<precondition>
			    bookExists(borrowBook.get_bookId()) &amp;&amp;
			    borrowerExists(borrowBook.get_borrowerId()) &amp;&amp;

			    getBorrowerWithId(borrowBook.get_borrowerId()).canBorrow().result &amp;&amp;
			    !getBookWithId(borrowBook.get_bookId()).isAvailable().result 
			</precondition>
			<effect> 
			</effect>
		</function>

		<function name="borrowBookCannotBorrowPF" input="borrowBook" fault="borrowBook_CannotBorrow" xsi:type="FaultFunction">
			<precondition>
			    bookExists(borrowBook.get_bookId()) &amp;&amp;
			    borrowerExists(borrowBook.get_borrowerId()) &amp;&amp;

			    getBookWithId(borrowBook.get_bookId()).isAvailable().result &amp;&amp;
			    ! getBorrowerWithId(borrowBook.get_borrowerId()).canBorrow().result 
			</precondition>
			<effect> 
			</effect>
		</function>

	</functions>

	<testinputgeneration>
		<inputgenerator function="borrowBookPF"> 
			Integer bookKey = getAvailableBookKey(true);
			Integer borrowerKey = getCanBorrowBorrowerKey(true);
			
			if (bookKey != null &amp;&amp; borrowerKey != null ) {
				int borrower = borrowerKey.intValue();
				int book = bookKey.intValue();
				setArg(0, ""+borrower);
				setArg(1, ""+book);
			}
		</inputgenerator>

		<inputgenerator function="returnBookPF">
			Integer borrowerKey = getCanBorrowBorrowerKey(false);
			
			if (borrowerKey != null ) {
				int borrower = borrowerKey.intValue();
				setArg(0, ""+borrower);
			}
		</inputgenerator>
		
		<inputgenerator function="borrowBookNotAvailablePF"> 
			Integer bookKey = getAvailableBookKey(false);
			Integer borrowerKey = getCanBorrowBorrowerKey(true);
			
			if (bookKey != null &amp;&amp; borrowerKey != null ) {
				int borrower = borrowerKey.intValue();
				int book = bookKey.intValue();
				setArg(0, ""+borrower);
				setArg(1, ""+book);
			} else
			{
				setArg(0, "51");
				setArg(1, "11");
			}
		</inputgenerator>
		
		<inputgenerator function="borrowBookCannotBorrowPF"> 
			Integer bookKey = getAvailableBookKey(true);
			Integer borrowerKey = getCanBorrowBorrowerKey(false);
			
			if (bookKey != null &amp;&amp; borrowerKey != null ) {
				int borrower = borrowerKey.intValue();
				int book = bookKey.intValue();
				setArg(0, ""+borrower);
				setArg(1, ""+book);
			} else
			{
				setArg(0, "51");
				setArg(1, "11");
			}
		</inputgenerator>
		
	</testinputgeneration>
</SXM>