<?xml version="1.0" encoding="UTF-8"?>
<sets 
	xmlns="http://www.jsxm.org/schema"
	xmlns:xsi="http://www.w3.org/2001/XMLSchema-instance"
	xsi:schemaLocation="http://www.jsxm.org/schema http://www.jsxm.org/schema/sets.xsd">
	
	<!--Characterization definition-->
	<characterization>
		<sequence>
			<function name="Open" />
		</sequence>
		<sequence>
			<function name="OpenErr" />
		</sequence>
		<sequence>
			<function name="WithdrawAll" />
		</sequence>
		<sequence>
			<function name="WithdrawErr" />
		</sequence>
		<sequence>
			<function name="Close" />
		</sequence>
		<sequence>
			<function name="CloseErr" />
		</sequence>
		<sequence>
			<function name="Withdraw" />
		</sequence>
		<sequence>
			<function name="Deposit" />
		</sequence>
	</characterization>
	


	<!--StateCover definition-->
	<statecover>
		<sequence>
		</sequence>

		<sequence>
			<function name="Open" />
		</sequence>
		<sequence>
			<function name="Open" />
			<function name="Close" />
		</sequence>
		<sequence>
			<function name="Open" />
			<function name="Deposit" />
		</sequence>
	</statecover>
</sets>
