<?xml version="1.0" encoding="UTF-8"?>
<SXM name="Account2" 
	xmlns="http://www.jsxm.org/schema"
	xmlns:xsi="http://www.w3.org/2001/XMLSchema-instance"
	xsi:schemaLocation="http://www.jsxm.org/schema http://www.jsxm.org/schema/specification.xsd">

	<!--States definition-->
	<states>
		<state name="initial"/>
		<state name="active"/>
		<state name="closed"/>
		<state name="normal"/>
	</states>

	<!--Initial state definition-->
	<initialState state="initial"/>

	<!--Transitions definition-->
	<transitions>
		<transition from="initial" function="Open" to="active"/>
		<transition from="active" function="Close" to="closed"/>
		<transition from="active" function="Deposit" to="normal"/>
		<transition from="normal" function="Deposit" to="normal"/>
		<transition from="normal" function="Withdraw" to="normal"/>
		<transition from="normal" function="WithdrawAll" to="active"/>

		<!-- Complete -->

		<transition from="initial" function="CloseErr" to="initial"/>
		<transition from="initial" function="DepositErr" to="initial"/>
		<transition from="initial" function="WithdrawErr" to="initial"/>

		<transition from="active" function="OpenErr" to="active"/>
		<transition from="active" function="WithdrawErr" to="active"/>
		<transition from="active" function="DepositNegErr" to="active"/>

		<transition from="normal" function="OpenErr" to="normal"/>
		<transition from="normal" function="CloseErr" to="normal"/>
		<transition from="normal" function="WithdrawNegErr" to="normal"/>
		<transition from="normal" function="WithdrawOverErr" to="normal"/>
		<transition from="normal" function="DepositNegErr" to="normal"/>

		<transition from="closed" function="CloseErr" to="closed"/>
		<transition from="closed" function="OpenErr" to="closed"/>
		<transition from="closed" function="WithdrawErr" to="closed"/>
		<transition from="closed" function="DepositErr" to="closed"/>
	</transitions>

	<!--Memory definition-->
	<memory>
		<declaration> int balance </declaration>
		<initial> balance = 0 </initial>
		<display> balance </display>
	</memory>

	<!--Inputs definition-->
	<inputs>
		<input name="open"/>
		<input name="close"/>
		<input name="deposit">
			<arg name="amount" type="xs:int"/>
		</input>
		<input name="withdraw">
			<arg name="amount" type="xs:int"/>
		</input>
	</inputs>
	
	<!--Outputs definition-->
	<outputs>
		<output name="openOut"/>
		<output name="closeOut"/>
		<output name="depositOut">
			<result name="amount" type="xs:int"/>
		</output>
		<output name="withdrawOut">
			<result name="amount" type="xs:int"/>
		</output>
	</outputs>

	<!--Faults definition-->
	<faults>
		<!-- COMPLETE -->
		<fault name="openError"/>
		<fault name="closeError"/>
		<fault name="depositError"/>
		<fault name="withdrawError"/>
		<!--
		<fault name="depositNegError" />
		<fault name="WithdrawNegError" />
		<fault name="withdrawOverError" />
-->
	</faults>

	<!--Function definition-->
	<functions>

		<function name="Open" input="open" output="openOut" xsi:type="OutputFunction"/>

		<function name="Close" input="close" output="closeOut" xsi:type="OutputFunction"/>

		<function name="Deposit" input="deposit" output="depositOut" xsi:type="OutputFunction">
			<precondition> deposit.get_amount() > 0 </precondition>
			<effect> balance = balance + deposit.get_amount(); depositOut.amount =
				deposit.get_amount(); </effect>
		</function>

		<function name="Withdraw" input="withdraw" output="withdrawOut" xsi:type="OutputFunction">
			<precondition> withdraw.get_amount() > 0 &amp;&amp; balance > withdraw.get_amount() </precondition>
			<effect> balance = balance - withdraw.get_amount(); withdrawOut.amount = withdraw.get_amount(); </effect>
		</function>

		<function name="WithdrawAll" input="withdraw" output="withdrawOut" xsi:type="OutputFunction">
			<precondition> withdraw.get_amount() > 0 &amp;&amp; balance == withdraw.get_amount() </precondition>
			<effect> balance = balance - withdraw.get_amount(); withdrawOut.amount = withdraw.get_amount(); </effect>
		</function>

		<!-- COMPLETE -->
		<function name="OpenErr" input="open" fault="openError" xsi:type="FaultFunction"/>
		<function name="DepositErr" input="deposit" fault="depositError" xsi:type="FaultFunction"/>
		<function name="WithdrawErr" input="withdraw" fault="withdrawError" xsi:type="FaultFunction"/>
		<function name="CloseErr" input="close" fault="closeError" xsi:type="FaultFunction"/>

		<function name="DepositNegErr" input="deposit" fault="depositError" xsi:type="FaultFunction">
			<precondition> !(deposit.get_amount() &gt; 0) </precondition>
		</function>
		<function name="WithdrawNegErr" input="withdraw" fault="withdrawError" xsi:type="FaultFunction">
			<precondition> !(withdraw.get_amount() &gt; 0) </precondition>
		</function>
		<function name="WithdrawOverErr" input="withdraw" fault="withdrawError" xsi:type="FaultFunction">
			<precondition> withdraw.get_amount() > balance </precondition>
		</function>
	</functions>

	<!--Test Input generation definition-->
	<testinputgeneration>
		<inputgenerator function="Deposit"> deposit.set_amount(10); </inputgenerator>
		<inputgenerator function="Withdraw"> //System.out.println("this:" + this +"balance:"+balance+" withdraw: "+withdraw + " Amount:"+withdraw.get_amount()); 
			if (balance > 1) 
				withdraw.set_amount(1); 
			else 
				withdraw.set_amount(99);
		</inputgenerator>
		<inputgenerator function="WithdrawAll"> //System.out.println("this:" + this +" balance:"+balance+" withdraw: "+withdraw + " Amount:"+withdraw.get_amount()); 
			if(balance > 0) withdraw.set_amount(balance); else withdraw.set_amount(99); 
		</inputgenerator>

		<!-- COMPLETE -->
		<inputgenerator function="DepositNegErr"> 
			deposit.set_amount(0); 
		</inputgenerator>
		<inputgenerator function="WithdrawNegErr"> 
			withdraw.set_amount(0); 
		</inputgenerator>
		<inputgenerator function="WithdrawOverErr"> 
			withdraw.set_amount(balance+1);
		</inputgenerator>
	</testinputgeneration>
</SXM>
